Top queries,Clicks,Impressions,CTR,Position
global vets,77,2911,2.65%,6.27
global vet,6,1934,0.31%,9.57
global vet care,2,65,3.08%,10.78
globalvets,2,7,28.57%,3.43
global veterinary,1,95,1.05%,24.66
global veterinary services,1,90,1.11%,9.44
globalvet,0,668,0%,17.7
glopballink veterinary,0,251,0%,36.9
global link vet,0,241,0%,67.51
global vet clinic,0,226,0%,13.01
global vet clinic reviews,0,111,0%,8.89
vet global,0,86,0%,8.16
global veterinary excellence limited,0,68,0%,13.47
world vets,0,38,0%,63.11
global veterinary partners,0,37,0%,51.81
global veterinaria,0,31,0%,49.9
globel vet,0,25,0%,8.36
international vets,0,18,0%,55.17
gloval vet,0,16,0%,12
global travel vet,0,15,0%,11.87
globavet,0,14,0%,7.5
world wide vets,0,13,0%,73.54
gbwvets,0,12,0%,5.08
www globalvetlink com,0,11,0%,36
globvet,0,10,0%,5
globe vet,0,10,0%,42.6
global vets consulting reviews,0,8,0%,34.5
relief veterinarian rates,0,8,0%,80.5
global vets whatawhata,0,7,0%,7.14
global animal hospital,0,6,0%,28.67
global vet link customer service,0,5,0%,57.4
global vet services,0,4,0%,8.25
global veterinary products,0,4,0%,60.25
global vet link phone number,0,4,0%,75
глобал вет,0,4,0%,76
global vets gordonton,0,3,0%,15
my global vet link,0,3,0%,69.33
dr sleeper vet,0,2,0%,8
global veterinary specialists,0,2,0%,8
vetglobal,0,2,0%,10.5
vet global solutions,0,2,0%,14
global vet experience,0,2,0%,18.5
global veterinary clinic and surgery centre,0,2,0%,30.5
global vet careers,0,2,0%,31
global vets consulting,0,2,0%,85
relief vet rates,0,2,0%,87
globevet,0,1,0%,5
global vet weterynarz,0,1,0%,6
globule vet,0,1,0%,7
glibal vet,0,1,0%,8
global pet hospital,0,1,0%,8
global veterinary excellence,0,1,0%,17
clinique vétérinaire globalvet,0,1,0%,24
global vet clinic & surgery centre,0,1,0%,31
global vet beauport,0,1,0%,32
globalvet st nicolas,0,1,0%,50
vet health global,0,1,0%,69
clinica global veterinaria,0,1,0%,79
global pet link,0,1,0%,87